"product_sku_image_id","product_sku_id","img_url","image"
1,1,"url1","ÿØÿà"
2,1,"url2","ÿØÿà"
3,2,"url3","ÿØÿà"
4,2,"url4","ÿØÿà"
5,3,"url5","ÿØÿà"
6,3,"url6","ÿØÿà"
7,4,"url7","ÿØÿà"
8,4,"url8","ÿØÿà"
9,5,"url9","ÿØÿà"
10,5,"url10","ÿØÿà"
11,6,"url11","ÿØÿà"
12,6,"url12","ÿØÿà"
13,7,"url13","ÿØÿà"
14,7,"url14","ÿØÿà"
15,8,"url15","ÿØÿà"
16,8,"url16","ÿØÿà"
17,9,"url17","ÿØÿà"
18,9,"url18","ÿØÿà"
19,10,"url19","ÿØÿà"
20,10,"url20","ÿØÿà"
21,11,"url21","ÿØÿà"
22,11,"url22","ÿØÿà"
23,12,"url23","ÿØÿà"
24,13,"url24","ÿØÿà"
25,13,"url25","ÿØÿà"
